VendorID,tpep_pickup_datetime,tpep_dropoff_datetime,passenger_count,trip_distance,RatecodeID,the_geom,LocationID,zone,payment_type,fare_amount,borough,mta_tax,tip_amount,tolls_amount,improvement_surcharge,total_amount,congestion_surcharge
1,2023-03-03 10:05:00,2023-03-03 09:14:00,1,0.92,2,Y,239,232,2,37.7,1.99,0.5,6.0,3.16,0.3,55.61,2.5
2,2023-03-29 11:40:00,2023-03-23 08:58:00,4,1.96,1,N,171,198,2,28.1,0.29,0.5,5.14,9.99,0.3,35.78,2.5
2,2023-03-02 11:59:00,2023-03-28 19:37:00,2,13.06,1,Y,182,46,2,44.49,4.66,0.5,7.31,1.66,0.3,46.51,2.5
2,2023-03-23 04:36:00,2023-03-06 18:10:00,2,5.99,1,Y,239,214,1,11.49,0.9,0.5,4.91,1.61,0.3,49.13,2.5
2,2023-03-15 03:30:00,2023-03-30 00:13:00,4,10.65,2,Y,24,199,1,21.87,1.81,0.5,1.08,5.57,0.3,52.03,2.5
1,2023-03-18 18:02:00,2023-03-23 10:36:00,4,5.53,1,N,165,67,2,24.43,4.84,0.5,8.39,6.39,0.3,32.11,2.5
2,2023-03-16 08:55:00,2023-03-22 18:41:00,2,14.0,3,N,239,211,2,25.81,3.82,0.5,4.79,3.43,0.3,67.39,2.5
2,2023-03-11 13:06:00,2023-03-22 15:50:00,4,2.35,2,N,197,145,2,23.31,4.23,0.5,9.24,4.58,0.3,90.8,2.5
1,2023-03-03 23:49:00,2023-03-20 14:01:00,1,13.1,2,N,161,218,2,7.38,1.84,0.5,0.55,1.55,0.3,27.57,2.5
1,2023-03-03 07:06:00,2023-03-05 20:03:00,1,7.92,3,Y,105,213,1,12.86,4.01,0.5,6.52,8.05,0.3,32.07,2.5
1,2023-03-12 17:36:00,2023-03-11 06:10:00,2,2.2,3,N,242,55,2,46.93,2.17,0.5,9.27,2.95,0.3,23.43,2.5
2,2023-03-12 14:31:00,2023-03-05 20:40:00,1,12.39,1,N,165,96,2,44.07,1.88,0.5,9.93,6.8,0.3,29.98,2.5
1,2023-03-12 22:23:00,2023-03-27 17:54:00,1,1.54,3,N,151,41,2,37.71,2.77,0.5,9.47,7.36,0.3,59.48,2.5
2,2023-03-07 15:52:00,2023-03-14 02:39:00,1,2.17,3,N,124,39,2,37.09,2.69,0.5,8.87,0.18,0.3,46.6,2.5
1,2023-03-15 07:30:00,2023-03-15 21:24:00,1,4.52,3,N,158,167,2,28.47,0.09,0.5,5.15,2.93,0.3,23.38,2.5
1,2023-03-23 22:11:00,2023-03-05 06:44:00,2,6.7,2,Y,12,203,1,49.73,4.43,0.5,3.44,5.98,0.3,15.28,2.5
1,2023-03-29 16:17:00,2023-03-30 16:15:00,1,2.82,3,N,179,214,1,15.97,3.63,0.5,3.55,4.37,0.3,65.75,2.5
1,2023-03-07 00:42:00,2023-03-20 07:58:00,3,11.83,1,Y,32,128,2,42.51,3.42,0.5,8.47,3.3,0.3,37.1,2.5
2,2023-03-04 01:33:00,2023-03-02 02:37:00,1,0.81,2,N,146,38,1,16.32,4.78,0.5,9.45,4.54,0.3,85.87,2.5
2,2023-03-01 02:15:00,2023-03-22 12:55:00,1,5.45,2,Y,143,8,1,45.48,4.32,0.5,8.54,3.9,0.3,61.53,2.5
2,2023-03-23 18:59:00,2023-03-25 00:24:00,4,11.41,1,N,134,131,1,10.41,1.23,0.5,4.46,2.18,0.3,91.48,2.5
2,2023-03-21 09:08:00,2023-03-28 22:29:00,3,7.35,2,N,128,67,2,43.1,0.27,0.5,0.91,7.46,0.3,99.61,2.5
2,2023-03-10 20:05:00,2023-03-15 00:47:00,2,1.48,2,N,182,41,1,44.99,3.65,0.5,9.3,7.99,0.3,53.82,2.5
2,2023-03-23 08:57:00,2023-03-23 16:08:00,4,7.42,3,N,42,25,1,24.49,3.33,0.5,9.07,7.65,0.3,93.31,2.5
1,2023-03-24 06:22:00,2023-03-07 22:22:00,3,3.2,3,Y,152,96,1,17.77,4.44,0.5,5.95,4.58,0.3,78.08,2.5
1,2023-03-17 21:34:00,2023-03-23 20:22:00,1,5.93,2,Y,103,110,2,14.76,1.63,0.5,1.6,8.66,0.3,24.04,2.5
2,2023-03-09 04:06:00,2023-03-12 09:10:00,1,0.78,1,N,24,92,2,30.5,0.08,0.5,4.77,3.7,0.3,14.72,2.5
2,2023-03-23 11:27:00,2023-03-26 12:21:00,3,7.97,1,Y,214,80,2,9.36,2.33,0.5,2.51,6.87,0.3,18.29,2.5
2,2023-03-17 06:54:00,2023-03-21 10:00:00,4,4.78,1,Y,206,25,2,21.52,2.76,0.5,1.14,0.86,0.3,27.59,2.5
2,2023-03-29 04:46:00,2023-03-03 04:46:00,2,13.66,3,Y,211,167,1,24.89,3.32,0.5,7.45,0.8,0.3,90.96,2.5
1,2023-03-29 14:54:00,2023-03-25 11:02:00,1,4.66,2,N,101,115,1,36.94,1.65,0.5,3.17,2.93,0.3,54.27,2.5
2,2023-03-01 11:42:00,2023-03-05 13:01:00,1,6.16,2,N,204,2,1,11.25,0.59,0.5,2.54,8.32,0.3,81.19,2.5
1,2023-03-19 12:31:00,2023-03-15 12:22:00,2,8.76,1,Y,126,239,2,39.29,4.46,0.5,0.18,4.14,0.3,33.32,2.5
2,2023-03-06 18:43:00,2023-03-24 17:34:00,4,4.84,1,N,76,4,1,49.47,2.62,0.5,2.44,6.32,0.3,41.7,2.5
2,2023-03-03 19:28:00,2023-03-18 12:00:00,4,3.68,1,N,200,116,2,33.14,2.9,0.5,9.99,0.6,0.3,99.01,2.5
2,2023-03-29 01:05:00,2023-03-20 12:38:00,3,7.03,1,N,93,220,2,14.0,4.4,0.5,5.78,3.94,0.3,47.03,2.5
1,2023-03-01 09:38:00,2023-03-01 15:48:00,1,10.69,3,N,233,221,2,31.45,0.57,0.5,8.54,3.51,0.3,50.1,2.5
2,2023-03-09 11:02:00,2023-03-22 15:35:00,4,8.2,1,N,87,48,1,35.19,3.26,0.5,0.88,5.67,0.3,71.89,2.5
1,2023-03-05 04:43:00,2023-03-27 07:06:00,2,8.44,2,N,131,34,2,26.47,2.98,0.5,3.12,5.15,0.3,11.63,2.5
1,2023-03-08 17:52:00,2023-03-11 03:44:00,2,13.58,3,Y,131,121,2,18.76,0.15,0.5,2.87,0.64,0.3,86.55,2.5
1,2023-03-10 16:37:00,2023-03-10 20:37:00,3,0.65,2,Y,33,241,2,20.23,0.86,0.5,9.02,8.81,0.3,21.83,2.5
2,2023-03-22 16:24:00,2023-03-01 22:52:00,3,1.93,2,Y,157,86,2,33.6,4.93,0.5,9.79,6.44,0.3,58.82,2.5
1,2023-03-18 06:36:00,2023-03-18 05:47:00,2,1.24,1,Y,113,214,2,6.9,2.54,0.5,3.1,0.35,0.3,59.04,2.5
1,2023-03-30 15:22:00,2023-03-21 18:31:00,4,3.26,3,N,31,235,2,5.16,2.19,0.5,9.75,8.22,0.3,97.05,2.5
1,2023-03-25 18:25:00,2023-03-28 16:09:00,3,1.68,3,N,223,141,1,26.76,4.21,0.5,7.79,6.17,0.3,58.4,2.5
1,2023-03-23 17:11:00,2023-03-21 12:09:00,4,14.7,3,Y,4,5,1,15.97,0.49,0.5,2.74,1.59,0.3,39.87,2.5
2,2023-03-23 07:43:00,2023-03-20 23:16:00,2,9.61,3,Y,133,17,2,27.34,1.32,0.5,4.39,8.73,0.3,91.83,2.5
1,2023-03-16 15:10:00,2023-03-04 12:37:00,4,1.34,1,Y,92,129,1,16.9,4.52,0.5,8.24,4.16,0.3,31.5,2.5
2,2023-03-21 13:43:00,2023-03-11 15:27:00,1,14.86,2,Y,15,83,2,37.5,4.19,0.5,6.82,4.44,0.3,84.13,2.5
1,2023-03-26 19:24:00,2023-03-26 03:50:00,4,2.72,2,N,180,226,2,11.9,4.91,0.5,2.76,7.99,0.3,92.0,2.5
2,2023-03-30 23:17:00,2023-03-20 04:44:00,2,10.96,1,Y,192,247,2,9.58,2.84,0.5,5.34,4.1,0.3,92.32,2.5
2,2023-03-24 23:16:00,2023-03-27 19:23:00,4,11.02,3,N,232,152,1,25.43,0.89,0.5,9.8,7.14,0.3,70.87,2.5
2,2023-03-28 22:04:00,2023-03-30 02:24:00,3,7.03,2,Y,160,128,2,49.08,4.57,0.5,0.05,0.22,0.3,71.45,2.5
1,2023-03-15 03:01:00,2023-03-06 05:14:00,1,1.31,2,Y,178,98,2,7.74,3.8,0.5,6.97,9.06,0.3,94.63,2.5
1,2023-03-14 22:19:00,2023-03-16 01:44:00,2,8.8,3,Y,205,72,2,31.71,2.6,0.5,2.01,6.35,0.3,85.17,2.5
2,2023-03-05 06:03:00,2023-03-30 18:34:00,3,4.48,2,N,137,70,2,39.01,4.32,0.5,6.07,4.33,0.3,41.96,2.5
2,2023-03-05 12:44:00,2023-03-02 14:18:00,4,5.94,1,Y,122,8,1,9.67,0.28,0.5,5.64,9.94,0.3,94.62,2.5
1,2023-03-01 00:30:00,2023-03-25 06:39:00,4,7.29,1,N,132,211,1,34.3,4.57,0.5,9.21,0.01,0.3,89.81,2.5
2,2023-03-06 13:15:00,2023-03-08 02:04:00,2,2.58,3,Y,27,232,1,17.04,2.76,0.5,0.7,3.63,0.3,72.36,2.5
2,2023-03-16 13:27:00,2023-03-19 07:55:00,1,11.49,2,N,223,148,1,42.72,1.76,0.5,6.11,7.56,0.3,30.99,2.5
1,2023-03-27 18:13:00,2023-03-29 13:55:00,4,9.6,1,N,110,173,2,28.8,0.5,0.5,4.04,4.54,0.3,36.35,2.5
2,2023-03-28 16:12:00,2023-03-12 03:08:00,1,10.82,1,N,8,141,2,37.73,1.38,0.5,1.93,9.91,0.3,24.08,2.5
1,2023-03-09 14:32:00,2023-03-20 13:47:00,2,8.15,3,N,78,107,2,38.24,3.14,0.5,0.49,9.36,0.3,50.76,2.5
1,2023-03-02 07:17:00,2023-03-12 21:04:00,4,13.22,1,Y,232,103,2,19.15,2.51,0.5,3.25,6.4,0.3,44.97,2.5
1,2023-03-03 08:34:00,2023-03-25 18:05:00,3,7.98,2,N,130,101,2,17.1,4.95,0.5,2.2,8.52,0.3,44.09,2.5
2,2023-03-09 03:28:00,2023-03-07 17:31:00,1,12.83,1,Y,36,140,2,17.73,2.68,0.5,2.27,5.8,0.3,46.06,2.5
2,2023-03-24 03:41:00,2023-03-16 19:12:00,1,9.26,3,Y,246,147,1,26.52,2.49,0.5,5.3,4.75,0.3,65.17,2.5
1,2023-03-11 06:02:00,2023-03-11 23:35:00,1,14.11,2,N,39,85,2,17.06,4.84,0.5,0.08,7.51,0.3,57.16,2.5
1,2023-03-02 06:36:00,2023-03-04 04:39:00,4,12.66,1,Y,79,166,1,14.54,3.72,0.5,2.32,1.6,0.3,62.96,2.5
2,2023-03-05 00:21:00,2023-03-25 20:41:00,2,7.05,2,N,154,213,1,16.92,2.47,0.5,9.91,0.03,0.3,78.78,2.5
1,2023-03-29 15:15:00,2023-03-06 13:42:00,2,0.73,1,Y,233,157,2,12.68,2.66,0.5,9.34,6.87,0.3,81.91,2.5
1,2023-03-16 21:14:00,2023-03-23 12:25:00,3,4.05,3,Y,83,71,2,44.29,4.96,0.5,2.05,9.39,0.3,77.04,2.5
1,2023-03-30 14:07:00,2023-03-03 20:47:00,2,5.21,3,Y,84,94,2,29.23,3.47,0.5,7.47,8.07,0.3,87.31,2.5
2,2023-03-07 03:50:00,2023-03-11 09:21:00,2,6.67,1,Y,118,222,2,37.87,3.39,0.5,6.42,6.41,0.3,46.5,2.5
2,2023-03-06 00:32:00,2023-03-08 23:18:00,1,11.95,2,Y,81,108,1,23.18,1.18,0.5,0.79,5.26,0.3,42.11,2.5
1,2023-03-03 18:37:00,2023-03-09 17:02:00,4,14.75,3,Y,112,206,2,32.79,2.87,0.5,5.26,5.57,0.3,47.87,2.5
2,2023-03-14 12:20:00,2023-03-03 12:35:00,4,2.61,1,Y,135,90,1,39.77,3.06,0.5,2.99,4.15,0.3,43.74,2.5
2,2023-03-15 02:50:00,2023-03-01 12:50:00,4,10.79,3,N,157,21,1,40.02,2.82,0.5,1.65,2.96,0.3,46.17,2.5
1,2023-03-16 10:46:00,2023-03-12 00:21:00,2,3.37,2,Y,245,66,2,39.8,4.44,0.5,4.59,4.38,0.3,91.53,2.5
1,2023-03-09 01:54:00,2023-03-04 18:43:00,4,5.11,3,Y,26,81,2,44.78,4.32,0.5,5.28,8.54,0.3,65.91,2.5
2,2023-03-06 12:58:00,2023-03-19 19:48:00,2,2.63,3,Y,200,110,1,25.81,3.33,0.5,8.86,1.95,0.3,99.77,2.5
1,2023-03-24 08:59:00,2023-03-02 10:33:00,1,1.66,2,Y,15,216,1,22.84,4.56,0.5,2.18,3.93,0.3,83.84,2.5
2,2023-03-13 13:10:00,2023-03-27 12:49:00,3,14.6,3,Y,223,28,1,43.6,1.11,0.5,1.32,5.05,0.3,58.37,2.5
1,2023-03-03 04:09:00,2023-03-22 17:12:00,3,4.06,1,Y,80,237,2,22.03,3.85,0.5,9.82,5.65,0.3,12.19,2.5
1,2023-03-24 00:00:00,2023-03-22 03:40:00,1,11.38,3,Y,45,97,2,9.71,0.14,0.5,7.65,7.59,0.3,69.52,2.5
1,2023-03-27 09:43:00,2023-03-23 06:22:00,2,11.21,3,Y,120,228,1,31.76,2.51,0.5,0.19,4.46,0.3,61.82,2.5
2,2023-03-08 11:48:00,2023-03-26 19:17:00,1,1.64,3,N,40,207,1,21.71,1.06,0.5,8.31,0.35,0.3,87.24,2.5
2,2023-03-12 10:28:00,2023-03-08 20:55:00,4,4.21,3,N,30,183,2,8.21,2.19,0.5,7.71,2.4,0.3,65.1,2.5
1,2023-03-16 22:48:00,2023-03-22 16:23:00,3,5.07,3,N,120,23,1,9.28,1.42,0.5,7.88,2.87,0.3,13.73,2.5
1,2023-03-02 18:09:00,2023-03-02 10:51:00,1,5.9,1,Y,16,142,1,9.13,0.76,0.5,6.19,2.31,0.3,50.96,2.5
2,2023-03-05 16:24:00,2023-03-06 05:58:00,3,14.6,3,N,151,152,2,23.63,0.49,0.5,3.47,6.81,0.3,42.12,2.5
1,2023-03-16 07:29:00,2023-03-15 10:17:00,2,3.55,3,Y,216,202,1,13.29,0.99,0.5,7.34,6.88,0.3,78.16,2.5
2,2023-03-03 02:00:00,2023-03-16 08:24:00,3,13.05,2,N,146,191,1,44.94,1.53,0.5,9.32,4.47,0.3,83.13,2.5
2,2023-03-01 21:16:00,2023-03-15 09:32:00,2,14.35,3,N,102,182,1,47.4,0.56,0.5,6.39,6.25,0.3,97.25,2.5
1,2023-03-13 03:58:00,2023-03-14 10:44:00,1,8.26,3,N,79,88,2,20.92,3.46,0.5,2.59,7.42,0.3,60.19,2.5
1,2023-03-04 05:46:00,2023-03-18 21:40:00,2,3.13,2,N,85,92,1,5.43,2.57,0.5,0.61,4.97,0.3,98.37,2.5
1,2023-03-29 02:14:00,2023-03-10 18:37:00,1,11.25,2,N,37,59,2,26.13,3.84,0.5,5.88,6.93,0.3,60.92,2.5
2,2023-03-12 10:30:00,2023-03-29 08:50:00,2,4.23,3,N,145,123,2,32.96,3.78,0.5,9.92,5.88,0.3,13.08,2.5
1,2023-03-21 18:57:00,2023-03-01 08:40:00,1,8.12,1,Y,238,177,2,21.94,1.36,0.5,8.6,4.09,0.3,31.05,2.5
2,2023-03-02 00:45:00,2023-03-28 18:31:00,1,10.09,3,Y,227,111,2,32.19,1.45,0.5,9.68,6.5,0.3,58.39,2.5
1,2023-03-02 08:37:00,2023-03-24 09:38:00,3,7.9,3,Y,223,247,1,9.58,3.43,0.5,3.0,5.65,0.3,84.36,2.5
2,2023-03-02 21:42:00,2023-03-14 20:00:00,2,1.18,1,Y,54,138,1,36.64,4.48,0.5,5.19,3.03,0.3,60.78,2.5
2,2023-03-11 02:19:00,2023-03-28 16:29:00,2,13.24,2,Y,238,158,1,23.67,4.78,0.5,9.43,9.76,0.3,97.53,2.5
1,2023-03-07 16:57:00,2023-03-09 11:28:00,3,13.65,2,N,175,3,2,49.48,3.06,0.5,3.7,3.29,0.3,17.36,2.5
2,2023-03-25 09:20:00,2023-03-28 17:36:00,3,6.57,1,N,5,216,2,13.63,2.36,0.5,9.02,4.24,0.3,88.12,2.5
1,2023-03-06 04:13:00,2023-03-19 01:54:00,2,9.58,2,N,153,50,1,16.1,3.14,0.5,6.87,0.08,0.3,30.91,2.5
2,2023-03-24 02:03:00,2023-03-30 23:44:00,2,5.94,3,N,111,207,2,25.53,2.96,0.5,4.76,6.8,0.3,52.36,2.5
1,2023-03-03 13:06:00,2023-03-15 07:37:00,3,8.98,3,N,65,84,2,42.23,4.32,0.5,2.4,0.46,0.3,93.52,2.5
2,2023-03-06 20:09:00,2023-03-06 02:24:00,1,7.35,2,Y,70,98,1,37.86,0.32,0.5,1.23,4.64,0.3,66.73,2.5
2,2023-03-27 23:23:00,2023-03-12 17:09:00,2,9.81,3,Y,229,156,1,44.18,1.24,0.5,2.26,1.92,0.3,38.05,2.5
2,2023-03-04 05:28:00,2023-03-21 08:31:00,3,4.18,3,Y,166,208,1,44.83,4.23,0.5,4.07,4.58,0.3,64.69,2.5
2,2023-03-16 15:16:00,2023-03-23 18:22:00,4,11.72,1,N,76,179,1,40.94,2.55,0.5,4.76,1.6,0.3,53.8,2.5
1,2023-03-08 22:52:00,2023-03-16 17:28:00,2,3.99,1,Y,183,250,1,20.76,1.96,0.5,1.54,0.59,0.3,41.66,2.5
1,2023-03-30 21:21:00,2023-03-20 16:38:00,2,14.8,1,N,189,26,2,49.95,4.36,0.5,9.08,8.16,0.3,89.04,2.5
2,2023-03-07 19:36:00,2023-03-07 00:28:00,1,6.34,2,Y,136,81,2,45.44,3.8,0.5,7.09,8.75,0.3,53.75,2.5
2,2023-03-01 15:36:00,2023-03-10 23:39:00,4,7.76,1,N,78,117,1,19.68,2.91,0.5,8.91,1.98,0.3,76.11,2.5
1,2023-03-27 20:42:00,2023-03-02 23:39:00,4,0.66,2,Y,8,4,2,28.27,4.97,0.5,0.18,3.85,0.3,88.85,2.5
1,2023-03-14 19:41:00,2023-03-13 12:04:00,4,14.23,3,Y,12,203,2,13.14,4.27,0.5,6.44,6.16,0.3,85.13,2.5
2,2023-03-28 01:04:00,2023-03-11 03:32:00,4,9.04,2,Y,116,142,2,9.88,1.01,0.5,6.61,3.57,0.3,33.74,2.5
2,2023-03-30 05:30:00,2023-03-17 15:58:00,4,9.05,3,N,232,6,1,12.3,2.41,0.5,0.59,7.73,0.3,11.66,2.5
2,2023-03-15 00:48:00,2023-03-03 07:30:00,2,3.87,1,N,53,66,1,34.56,2.74,0.5,2.85,6.52,0.3,61.93,2.5
1,2023-03-12 14:04:00,2023-03-18 00:41:00,3,3.86,1,Y,190,183,2,39.99,2.23,0.5,0.61,7.21,0.3,40.48,2.5
2,2023-03-16 14:22:00,2023-03-09 09:31:00,3,1.18,3,Y,99,17,1,16.0,3.54,0.5,5.94,6.6,0.3,84.24,2.5
2,2023-03-05 07:47:00,2023-03-18 11:26:00,1,10.61,3,Y,45,101,2,21.71,4.12,0.5,7.92,9.21,0.3,46.72,2.5
2,2023-03-20 15:04:00,2023-03-15 10:48:00,4,9.8,1,N,243,163,2,9.95,4.76,0.5,3.93,3.02,0.3,73.94,2.5
2,2023-03-02 02:57:00,2023-03-26 20:57:00,3,4.61,1,N,240,183,1,28.34,3.55,0.5,8.26,4.74,0.3,50.92,2.5
1,2023-03-06 20:07:00,2023-03-04 14:46:00,1,3.94,3,Y,236,116,1,26.48,2.48,0.5,3.95,9.08,0.3,28.42,2.5
1,2023-03-25 05:28:00,2023-03-12 05:49:00,4,7.38,1,N,85,177,1,40.08,2.86,0.5,9.78,3.26,0.3,17.45,2.5
2,2023-03-18 12:04:00,2023-03-11 16:22:00,2,13.35,3,N,112,130,2,42.95,3.52,0.5,1.24,5.95,0.3,11.13,2.5
1,2023-03-28 17:51:00,2023-03-29 00:51:00,1,2.51,2,N,250,62,1,6.08,4.26,0.5,7.69,1.27,0.3,75.95,2.5
1,2023-03-30 18:34:00,2023-03-03 17:11:00,4,9.98,3,Y,165,113,2,46.44,4.16,0.5,8.71,5.33,0.3,93.79,2.5
1,2023-03-01 20:03:00,2023-03-27 10:58:00,4,2.32,1,N,224,131,2,44.57,1.66,0.5,6.45,2.06,0.3,97.39,2.5
1,2023-03-03 12:12:00,2023-03-17 16:49:00,2,8.28,2,N,146,128,2,19.57,2.91,0.5,1.53,4.29,0.3,69.64,2.5
2,2023-03-22 15:02:00,2023-03-19 08:47:00,1,11.44,3,Y,199,213,1,42.95,4.94,0.5,9.26,0.5,0.3,43.2,2.5
2,2023-03-29 23:44:00,2023-03-16 01:01:00,2,10.79,1,N,49,30,2,23.04,1.73,0.5,9.95,4.67,0.3,29.48,2.5
1,2023-03-25 09:44:00,2023-03-25 01:03:00,4,14.95,3,N,109,36,2,46.55,3.07,0.5,9.18,7.45,0.3,25.97,2.5
1,2023-03-01 16:34:00,2023-03-19 19:58:00,2,2.12,3,Y,13,164,2,28.63,0.13,0.5,7.07,5.31,0.3,17.98,2.5
2,2023-03-08 14:44:00,2023-03-09 15:27:00,2,8.59,1,N,9,193,1,43.57,3.66,0.5,1.34,8.99,0.3,92.31,2.5
2,2023-03-17 16:16:00,2023-03-10 09:44:00,3,7.73,3,N,16,135,1,21.45,4.5,0.5,3.26,7.91,0.3,12.99,2.5
1,2023-03-04 01:49:00,2023-03-22 03:04:00,1,8.18,2,Y,250,195,2,27.38,4.85,0.5,0.07,2.44,0.3,12.58,2.5
1,2023-03-09 16:42:00,2023-03-04 10:56:00,2,2.85,3,Y,66,236,1,37.12,4.19,0.5,5.14,1.25,0.3,66.02,2.5
2,2023-03-01 08:23:00,2023-03-03 08:49:00,3,2.64,3,N,196,2,1,34.88,3.65,0.5,4.24,7.17,0.3,92.9,2.5
2,2023-03-23 20:59:00,2023-03-20 22:58:00,3,4.24,1,N,50,169,2,25.57,1.71,0.5,8.76,2.17,0.3,22.37,2.5
2,2023-03-13 06:37:00,2023-03-23 04:59:00,3,8.53,1,Y,208,212,1,8.5,2.7,0.5,3.28,2.1,0.3,39.96,2.5
2,2023-03-22 00:50:00,2023-03-24 08:22:00,3,13.18,2,Y,146,212,2,35.01,3.65,0.5,0.03,3.84,0.3,63.76,2.5
1,2023-03-03 01:39:00,2023-03-15 03:43:00,3,8.28,1,Y,75,179,1,44.57,4.8,0.5,8.95,4.85,0.3,37.11,2.5
1,2023-03-24 01:36:00,2023-03-06 11:23:00,4,1.85,2,N,142,67,2,20.26,1.89,0.5,3.56,9.86,0.3,66.07,2.5
2,2023-03-09 01:18:00,2023-03-12 11:36:00,4,4.47,1,N,20,165,2,46.78,4.86,0.5,3.45,6.43,0.3,15.34,2.5
2,2023-03-09 18:23:00,2023-03-16 16:58:00,1,12.57,3,Y,112,62,2,9.28,3.97,0.5,8.24,2.58,0.3,52.15,2.5
1,2023-03-22 15:54:00,2023-03-09 18:10:00,3,6.06,2,Y,194,246,1,19.74,4.16,0.5,5.65,6.52,0.3,64.0,2.5
1,2023-03-19 21:56:00,2023-03-16 02:00:00,4,6.68,2,Y,114,7,2,10.52,1.61,0.5,3.81,9.08,0.3,69.64,2.5
1,2023-03-12 13:04:00,2023-03-03 09:43:00,2,4.16,3,Y,56,142,1,45.65,3.45,0.5,7.02,8.98,0.3,12.55,2.5
2,2023-03-30 04:24:00,2023-03-25 06:31:00,2,3.43,2,N,152,242,2,16.52,1.39,0.5,5.26,5.91,0.3,44.56,2.5
1,2023-03-24 10:50:00,2023-03-29 14:55:00,1,9.92,1,Y,162,234,1,12.55,1.84,0.5,6.16,6.66,0.3,46.14,2.5
2,2023-03-14 19:14:00,2023-03-02 04:59:00,3,3.27,3,Y,161,82,2,41.42,4.7,0.5,0.99,0.24,0.3,61.03,2.5
2,2023-03-16 04:51:00,2023-03-06 15:32:00,1,2.96,2,N,172,6,1,22.01,3.66,0.5,9.11,1.23,0.3,97.59,2.5
1,2023-03-20 05:02:00,2023-03-14 18:58:00,3,3.54,2,N,71,180,1,29.88,0.04,0.5,8.84,9.62,0.3,18.84,2.5
1,2023-03-06 03:58:00,2023-03-21 03:24:00,2,6.56,1,N,69,14,2,47.51,3.2,0.5,2.23,6.85,0.3,37.39,2.5
1,2023-03-16 11:27:00,2023-03-29 14:46:00,4,1.6,1,N,248,18,1,13.06,2.23,0.5,1.41,3.53,0.3,50.76,2.5
1,2023-03-08 05:30:00,2023-03-18 20:38:00,2,10.53,1,Y,225,59,2,33.68,1.18,0.5,0.75,6.34,0.3,55.68,2.5
2,2023-03-30 01:18:00,2023-03-12 23:01:00,1,6.72,2,N,128,146,1,24.59,3.13,0.5,8.52,3.24,0.3,41.06,2.5
2,2023-03-13 02:37:00,2023-03-17 05:45:00,3,14.05,3,N,145,144,1,17.24,2.3,0.5,1.59,7.05,0.3,28.53,2.5
2,2023-03-10 04:54:00,2023-03-22 04:30:00,4,6.21,2,N,214,15,1,45.41,0.5,0.5,7.09,7.95,0.3,15.25,2.5
1,2023-03-18 17:17:00,2023-03-28 19:09:00,3,10.44,2,N,97,227,1,14.83,0.65,0.5,6.06,5.21,0.3,59.02,2.5
2,2023-03-29 22:18:00,2023-03-05 23:39:00,2,9.73,3,Y,32,137,2,37.86,4.46,0.5,0.99,1.09,0.3,14.21,2.5
2,2023-03-03 10:23:00,2023-03-16 03:59:00,1,14.78,2,N,36,69,1,38.92,0.03,0.5,7.76,0.8,0.3,33.62,2.5
1,2023-03-04 16:53:00,2023-03-25 01:04:00,1,11.23,2,Y,52,6,2,38.67,1.92,0.5,8.14,3.6,0.3,98.57,2.5
1,2023-03-22 12:01:00,2023-03-22 20:16:00,4,1.06,2,Y,126,141,2,37.54,2.58,0.5,9.95,9.89,0.3,27.04,2.5
1,2023-03-26 09:14:00,2023-03-27 06:30:00,4,7.06,3,Y,128,91,2,22.61,3.11,0.5,1.64,6.22,0.3,23.69,2.5
1,2023-03-20 17:34:00,2023-03-25 07:09:00,3,2.91,3,Y,212,94,2,22.46,3.35,0.5,8.42,7.02,0.3,28.57,2.5
1,2023-03-08 00:19:00,2023-03-16 06:17:00,1,8.27,3,N,126,83,2,30.17,2.32,0.5,2.6,3.98,0.3,67.14,2.5
2,2023-03-20 06:26:00,2023-03-11 08:50:00,3,11.37,3,N,194,168,2,29.45,2.38,0.5,1.87,2.72,0.3,20.64,2.5
2,2023-03-24 14:49:00,2023-03-15 12:35:00,3,14.31,2,Y,6,95,1,41.59,4.58,0.5,9.09,0.66,0.3,74.37,2.5
2,2023-03-27 21:07:00,2023-03-26 20:36:00,4,12.99,3,N,17,128,1,32.32,2.3,0.5,5.45,5.49,0.3,44.81,2.5
2,2023-03-19 15:58:00,2023-03-15 08:00:00,1,9.94,2,Y,115,33,2,35.06,2.38,0.5,8.85,0.99,0.3,73.8,2.5
2,2023-03-17 07:51:00,2023-03-08 16:09:00,4,2.05,3,N,220,22,2,17.24,2.22,0.5,6.22,4.33,0.3,12.2,2.5
1,2023-03-06 07:58:00,2023-03-20 07:08:00,4,13.28,3,N,124,182,1,15.12,4.82,0.5,9.37,0.81,0.3,21.89,2.5
2,2023-03-01 17:56:00,2023-03-01 13:42:00,1,3.3,1,Y,57,236,1,28.5,1.77,0.5,4.99,7.76,0.3,34.09,2.5
2,2023-03-24 23:51:00,2023-03-20 04:57:00,1,0.72,3,N,4,198,2,22.17,2.79,0.5,8.17,7.46,0.3,59.83,2.5
2,2023-03-11 02:30:00,2023-03-18 11:25:00,4,2.08,2,N,109,151,1,15.81,3.48,0.5,9.7,0.73,0.3,75.31,2.5
2,2023-03-04 10:52:00,2023-03-18 20:38:00,1,3.74,1,Y,231,202,1,37.97,4.81,0.5,8.8,7.33,0.3,47.29,2.5
1,2023-03-11 04:03:00,2023-03-06 05:05:00,1,14.86,2,N,13,141,1,18.91,2.33,0.5,3.58,0.73,0.3,46.49,2.5
1,2023-03-22 14:02:00,2023-03-21 16:05:00,2,4.58,1,Y,54,240,1,48.41,2.72,0.5,8.17,9.37,0.3,59.16,2.5
1,2023-03-16 12:51:00,2023-03-23 14:49:00,3,9.11,2,Y,87,72,1,16.4,3.58,0.5,1.71,9.96,0.3,34.36,2.5
2,2023-03-06 12:33:00,2023-03-12 23:34:00,2,11.47,1,N,191,127,2,38.16,4.25,0.5,1.72,8.03,0.3,57.34,2.5
1,2023-03-10 21:26:00,2023-03-03 08:32:00,4,6.17,2,N,141,22,1,13.87,2.65,0.5,2.12,2.81,0.3,82.59,2.5
1,2023-03-01 07:39:00,2023-03-20 10:20:00,4,3.15,3,Y,187,242,1,16.7,3.1,0.5,6.62,8.32,0.3,26.39,2.5
2,2023-03-29 02:55:00,2023-03-26 08:00:00,3,7.42,3,Y,91,40,2,43.98,3.24,0.5,6.69,9.94,0.3,32.69,2.5
2,2023-03-05 16:33:00,2023-03-30 04:18:00,4,4.43,2,Y,67,164,1,40.99,1.89,0.5,0.17,5.21,0.3,96.33,2.5
1,2023-03-16 18:08:00,2023-03-04 04:47:00,2,11.24,1,Y,133,219,1,16.65,4.56,0.5,0.12,3.43,0.3,84.6,2.5
2,2023-03-27 14:04:00,2023-03-28 02:04:00,4,9.5,2,N,221,190,1,26.65,4.26,0.5,5.1,6.59,0.3,98.7,2.5
1,2023-03-28 11:17:00,2023-03-25 21:59:00,2,4.73,2,N,159,149,2,25.89,3.48,0.5,6.93,4.26,0.3,53.56,2.5
2,2023-03-28 14:32:00,2023-03-16 20:00:00,2,4.81,1,Y,182,52,2,13.34,2.22,0.5,9.45,1.95,0.3,89.07,2.5
2,2023-03-27 03:57:00,2023-03-13 07:40:00,4,4.53,1,N,135,220,1,32.83,2.32,0.5,5.98,6.65,0.3,93.13,2.5
1,2023-03-25 14:28:00,2023-03-28 21:27:00,2,1.53,2,N,95,24,2,30.6,0.78,0.5,2.98,1.06,0.3,86.97,2.5
2,2023-03-22 18:35:00,2023-03-09 04:00:00,2,4.55,1,N,140,185,1,37.06,3.74,0.5,4.07,4.9,0.3,94.36,2.5
1,2023-03-23 14:50:00,2023-03-29 14:08:00,3,13.78,1,N,185,29,2,23.39,2.54,0.5,0.57,1.74,0.3,43.56,2.5
2,2023-03-09 05:14:00,2023-03-21 13:08:00,4,10.16,1,Y,114,32,2,10.32,2.53,0.5,2.38,7.15,0.3,60.05,2.5
1,2023-03-12 18:29:00,2023-03-13 10:41:00,3,4.54,1,Y,122,250,2,14.27,3.24,0.5,4.91,1.39,0.3,14.17,2.5
2,2023-03-11 17:16:00,2023-03-21 07:18:00,1,1.78,2,N,148,55,2,45.8,0.42,0.5,6.76,6.04,0.3,50.5,2.5
1,2023-03-18 15:13:00,2023-03-18 14:22:00,3,13.88,1,N,118,203,1,39.77,3.89,0.5,5.94,5.6,0.3,37.39,2.5
2,2023-03-30 01:09:00,2023-03-15 17:13:00,4,10.23,2,Y,103,127,1,36.47,4.64,0.5,1.23,1.18,0.3,25.76,2.5
1,2023-03-17 04:54:00,2023-03-06 13:08:00,4,4.19,2,N,42,157,1,42.59,2.12,0.5,5.7,6.47,0.3,72.5,2.5
2,2023-03-23 01:31:00,2023-03-17 02:43:00,2,0.98,2,N,213,219,2,10.12,4.0,0.5,7.44,7.28,0.3,61.48,2.5
1,2023-03-26 22:27:00,2023-03-29 02:52:00,4,4.65,3,N,185,161,1,13.73,3.89,0.5,5.47,5.05,0.3,65.46,2.5
1,2023-03-25 04:04:00,2023-03-30 17:46:00,4,12.28,2,N,198,56,1,39.44,1.09,0.5,2.05,1.4,0.3,30.37,2.5
1,2023-03-23 05:36:00,2023-03-04 10:58:00,3,2.24,2,Y,213,126,1,27.24,2.45,0.5,1.12,5.67,0.3,47.89,2.5
2,2023-03-29 05:06:00,2023-03-26 19:50:00,3,8.28,2,Y,159,65,2,47.43,3.84,0.5,0.36,5.6,0.3,64.44,2.5
1,2023-03-11 18:23:00,2023-03-05 06:17:00,3,12.31,3,N,110,52,2,7.02,4.83,0.5,3.77,9.87,0.3,30.65,2.5
1,2023-03-14 05:45:00,2023-03-19 14:39:00,4,10.22,2,Y,121,196,2,28.73,1.95,0.5,2.31,1.87,0.3,74.95,2.5
2,2023-03-01 12:55:00,2023-03-23 00:48:00,4,5.26,1,Y,56,233,2,48.39,1.34,0.5,9.21,7.24,0.3,60.36,2.5
1,2023-03-01 16:19:00,2023-03-17 01:23:00,2,11.57,1,N,216,198,1,38.19,4.65,0.5,1.7,9.81,0.3,85.39,2.5
2,2023-03-13 08:49:00,2023-03-03 06:42:00,3,0.6,2,Y,244,21,1,35.33,3.67,0.5,9.74,7.49,0.3,86.65,2.5
2,2023-03-08 18:04:00,2023-03-20 20:49:00,3,1.72,2,Y,177,1,2,49.26,2.42,0.5,7.62,9.11,0.3,88.57,2.5
1,2023-03-03 16:49:00,2023-03-30 23:46:00,4,12.51,1,N,78,190,2,41.11,4.43,0.5,8.53,4.62,0.3,38.42,2.5
2,2023-03-01 06:29:00,2023-03-21 17:58:00,4,8.38,3,N,12,249,1,14.31,4.14,0.5,4.31,2.04,0.3,45.1,2.5
2,2023-03-07 13:24:00,2023-03-22 07:11:00,4,3.64,3,N,229,10,1,16.97,3.96,0.5,8.8,3.15,0.3,37.45,2.5
1,2023-03-23 09:25:00,2023-03-26 08:31:00,2,10.92,3,Y,21,33,2,42.34,2.34,0.5,5.2,3.56,0.3,86.98,2.5
1,2023-03-27 15:55:00,2023-03-18 15:04:00,1,2.59,1,N,236,207,1,10.76,1.4,0.5,9.24,0.87,0.3,29.47,2.5
2,2023-03-02 03:05:00,2023-03-03 08:21:00,4,8.09,3,N,34,142,2,39.46,1.45,0.5,1.72,6.05,0.3,21.93,2.5
1,2023-03-03 03:53:00,2023-03-18 15:11:00,3,12.01,2,Y,172,181,2,20.88,1.11,0.5,8.02,1.93,0.3,92.22,2.5
1,2023-03-28 23:03:00,2023-03-26 20:13:00,1,3.56,1,Y,227,157,1,31.82,4.07,0.5,3.64,2.36,0.3,33.65,2.5
2,2023-03-29 08:34:00,2023-03-28 04:57:00,3,4.43,3,Y,147,128,2,42.4,4.32,0.5,2.93,1.51,0.3,28.34,2.5
1,2023-03-28 02:25:00,2023-03-23 07:22:00,4,13.35,3,N,236,151,2,23.72,0.4,0.5,2.31,7.84,0.3,67.72,2.5
1,2023-03-28 14:32:00,2023-03-12 21:16:00,3,7.63,2,Y,106,250,1,16.0,3.5,0.5,6.04,9.93,0.3,23.7,2.5
2,2023-03-17 00:26:00,2023-03-15 05:54:00,2,2.86,3,Y,169,108,1,41.19,2.72,0.5,2.14,9.09,0.3,60.37,2.5
1,2023-03-11 15:42:00,2023-03-08 10:56:00,1,12.94,2,N,44,99,2,5.77,2.46,0.5,5.38,1.46,0.3,42.24,2.5
1,2023-03-17 18:58:00,2023-03-11 09:19:00,2,2.42,3,Y,106,131,2,42.26,4.29,0.5,2.31,3.38,0.3,78.39,2.5
1,2023-03-22 11:22:00,2023-03-16 19:43:00,2,11.82,1,N,239,15,2,41.09,0.37,0.5,6.5,4.7,0.3,93.04,2.5
2,2023-03-13 18:08:00,2023-03-25 16:49:00,1,3.59,1,N,141,241,2,37.24,1.78,0.5,5.35,4.94,0.3,40.07,2.5
1,2023-03-06 11:48:00,2023-03-04 06:17:00,4,8.05,3,Y,28,92,2,47.3,4.97,0.5,2.41,1.68,0.3,34.2,2.5
2,2023-03-11 11:13:00,2023-03-25 06:08:00,2,14.38,2,Y,101,169,1,9.46,0.49,0.5,6.94,6.9,0.3,26.06,2.5
1,2023-03-12 13:45:00,2023-03-24 16:30:00,2,2.21,1,N,176,55,1,9.09,4.38,0.5,2.72,9.85,0.3,30.11,2.5
1,2023-03-26 21:41:00,2023-03-08 07:42:00,3,6.39,3,Y,181,107,1,20.91,1.27,0.5,7.63,6.45,0.3,95.23,2.5
2,2023-03-01 00:18:00,2023-03-14 19:01:00,1,4.65,1,N,14,79,2,49.13,2.43,0.5,2.5,0.68,0.3,57.08,2.5
2,2023-03-12 22:47:00,2023-03-09 01:55:00,4,0.79,2,Y,75,237,1,28.4,0.04,0.5,1.09,3.98,0.3,71.45,2.5
2,2023-03-29 09:49:00,2023-03-09 09:52:00,2,3.42,1,N,59,124,1,23.49,2.76,0.5,9.73,0.7,0.3,17.86,2.5
1,2023-03-20 04:57:00,2023-03-23 20:38:00,2,5.64,1,N,206,36,1,19.88,2.57,0.5,1.38,7.75,0.3,90.38,2.5
2,2023-03-21 06:11:00,2023-03-02 10:28:00,1,9.05,1,Y,25,85,2,27.14,4.54,0.5,3.25,0.27,0.3,95.82,2.5
1,2023-03-04 11:23:00,2023-03-25 03:34:00,3,1.42,2,Y,55,210,2,21.06,4.97,0.5,5.15,6.26,0.3,42.88,2.5
2,2023-03-05 00:56:00,2023-03-30 19:32:00,4,6.71,2,Y,162,176,2,9.0,3.52,0.5,7.34,9.45,0.3,95.84,2.5
1,2023-03-10 18:43:00,2023-03-13 05:48:00,3,13.42,2,Y,195,232,1,7.15,2.67,0.5,7.04,8.51,0.3,35.69,2.5
1,2023-03-25 22:49:00,2023-03-23 20:34:00,1,13.54,2,Y,25,104,2,43.89,3.64,0.5,3.69,2.34,0.3,36.73,2.5
1,2023-03-07 02:14:00,2023-03-04 19:31:00,3,5.02,3,Y,7,200,2,49.24,1.11,0.5,4.0,1.93,0.3,89.18,2.5
2,2023-03-20 21:11:00,2023-03-22 08:35:00,2,8.24,2,Y,50,42,2,22.32,4.11,0.5,8.71,8.54,0.3,64.59,2.5
1,2023-03-06 03:33:00,2023-03-17 04:31:00,1,6.5,3,N,60,204,1,27.62,2.12,0.5,5.87,1.41,0.3,83.95,2.5
2,2023-03-10 09:38:00,2023-03-07 15:12:00,1,12.41,1,N,85,100,2,20.84,0.91,0.5,2.19,4.03,0.3,38.62,2.5
1,2023-03-08 03:03:00,2023-03-03 15:06:00,3,13.18,2,N,152,30,2,11.38,2.39,0.5,4.19,3.29,0.3,93.97,2.5
1,2023-03-01 00:28:00,2023-03-27 15:39:00,4,7.47,3,N,144,203,2,8.23,1.39,0.5,6.53,6.73,0.3,93.75,2.5
2,2023-03-08 18:48:00,2023-03-13 22:49:00,4,11.9,3,Y,220,142,2,38.01,4.38,0.5,4.19,2.39,0.3,29.51,2.5
1,2023-03-10 12:00:00,2023-03-16 00:33:00,2,11.22,2,N,215,178,1,12.73,1.91,0.5,6.85,7.09,0.3,73.02,2.5
2,2023-03-13 18:16:00,2023-03-17 20:20:00,3,11.55,1,N,62,7,2,22.06,4.27,0.5,5.8,4.32,0.3,74.3,2.5
2,2023-03-17 02:22:00,2023-03-01 20:01:00,3,5.29,1,Y,103,138,2,18.95,4.3,0.5,3.27,5.98,0.3,28.72,2.5
1,2023-03-23 16:51:00,2023-03-19 20:19:00,3,10.7,3,Y,199,113,2,9.08,0.44,0.5,9.49,2.69,0.3,10.34,2.5
1,2023-03-25 08:00:00,2023-03-04 04:39:00,1,4.73,2,Y,197,128,1,6.75,3.86,0.5,5.46,1.72,0.3,52.31,2.5
2,2023-03-10 10:34:00,2023-03-08 12:18:00,2,3.24,1,Y,99,146,2,45.22,2.14,0.5,5.1,8.29,0.3,34.24,2.5
1,2023-03-02 17:03:00,2023-03-20 15:37:00,3,3.22,3,Y,96,38,1,17.36,3.94,0.5,8.8,5.4,0.3,67.09,2.5
2,2023-03-10 19:33:00,2023-03-02 16:41:00,4,4.13,1,Y,235,204,1,8.65,3.97,0.5,7.39,8.3,0.3,81.32,2.5
2,2023-03-23 13:00:00,2023-03-11 20:47:00,4,13.29,1,Y,39,53,2,44.77,2.35,0.5,1.79,9.8,0.3,95.47,2.5
1,2023-03-16 05:05:00,2023-03-09 22:23:00,4,8.81,3,Y,191,191,1,27.86,3.37,0.5,0.13,5.25,0.3,76.19,2.5
1,2023-03-10 13:22:00,2023-03-18 01:02:00,2,0.99,1,Y,148,42,1,6.29,1.31,0.5,7.13,4.92,0.3,47.52,2.5
1,2023-03-20 04:41:00,2023-03-30 23:52:00,4,4.31,3,Y,221,178,2,21.82,2.68,0.5,3.26,5.83,0.3,98.24,2.5
1,2023-03-12 01:17:00,2023-03-08 02:07:00,4,3.91,2,N,24,112,1,23.96,1.98,0.5,4.24,1.16,0.3,53.99,2.5
1,2023-03-16 00:55:00,2023-03-23 16:17:00,2,2.46,1,N,30,216,2,19.76,0.87,0.5,2.92,4.74,0.3,90.15,2.5
2,2023-03-19 03:46:00,2023-03-29 18:25:00,1,4.39,3,N,69,85,1,40.8,4.35,0.5,4.32,0.45,0.3,30.4,2.5
1,2023-03-22 16:27:00,2023-03-22 04:30:00,4,7.64,2,Y,194,235,2,34.14,0.95,0.5,0.94,9.44,0.3,11.11,2.5
1,2023-03-13 15:37:00,2023-03-20 12:39:00,3,8.27,3,N,85,190,1,5.89,4.25,0.5,8.84,5.68,0.3,86.56,2.5
2,2023-03-27 08:51:00,2023-03-26 13:55:00,2,7.1,3,Y,230,69,1,6.03,0.8,0.5,4.91,8.69,0.3,36.6,2.5
1,2023-03-17 10:05:00,2023-03-19 07:20:00,2,0.9,1,Y,118,45,1,20.57,4.2,0.5,7.52,1.63,0.3,86.22,2.5
1,2023-03-22 13:03:00,2023-03-22 07:08:00,3,9.46,1,N,113,28,1,12.49,4.08,0.5,4.36,4.18,0.3,46.24,2.5
1,2023-03-24 12:28:00,2023-03-07 05:00:00,4,2.79,2,N,246,88,2,31.65,3.75,0.5,7.68,8.39,0.3,76.92,2.5
2,2023-03-18 16:57:00,2023-03-06 21:15:00,3,3.89,1,N,224,163,2,38.17,1.32,0.5,3.22,7.85,0.3,79.63,2.5
2,2023-03-28 01:44:00,2023-03-11 00:55:00,3,13.81,1,N,215,116,2,28.98,1.64,0.5,8.58,5.64,0.3,85.2,2.5
1,2023-03-21 02:09:00,2023-03-14 16:04:00,3,7.64,1,N,106,192,2,6.14,1.6,0.5,1.12,3.43,0.3,78.56,2.5
1,2023-03-22 17:38:00,2023-03-02 13:54:00,2,2.54,3,Y,175,190,2,11.29,1.03,0.5,5.02,6.29,0.3,53.18,2.5
1,2023-03-12 06:44:00,2023-03-24 16:11:00,1,3.82,1,Y,223,146,2,37.94,0.75,0.5,7.53,6.5,0.3,92.2,2.5
1,2023-03-27 13:40:00,2023-03-06 13:28:00,2,4.03,1,Y,148,218,2,47.92,4.17,0.5,6.28,2.35,0.3,29.64,2.5
1,2023-03-28 11:31:00,2023-03-05 07:32:00,3,12.64,3,Y,71,102,2,30.26,2.24,0.5,5.22,7.4,0.3,54.44,2.5
1,2023-03-08 08:50:00,2023-03-13 05:39:00,3,3.86,3,Y,35,209,2,18.36,3.36,0.5,3.81,7.07,0.3,44.67,2.5
2,2023-03-21 19:05:00,2023-03-25 13:11:00,4,2.54,2,N,26,173,1,19.75,4.4,0.5,4.65,1.28,0.3,53.54,2.5
2,2023-03-03 19:53:00,2023-03-08 21:55:00,4,14.08,1,N,192,155,1,38.39,0.21,0.5,7.25,9.08,0.3,72.9,2.5
2,2023-03-27 08:41:00,2023-03-22 04:38:00,3,6.77,1,Y,21,57,2,20.66,2.78,0.5,0.89,7.11,0.3,85.93,2.5
2,2023-03-07 20:43:00,2023-03-03 11:05:00,3,5.8,2,Y,58,126,2,9.77,1.4,0.5,7.08,1.39,0.3,19.25,2.5
2,2023-03-28 03:28:00,2023-03-15 05:50:00,2,0.65,3,N,101,58,1,29.78,4.12,0.5,9.93,7.38,0.3,78.28,2.5
1,2023-03-13 10:18:00,2023-03-24 00:08:00,3,4.19,3,N,218,112,2,48.94,4.54,0.5,6.82,4.9,0.3,58.6,2.5
1,2023-03-07 21:31:00,2023-03-07 01:13:00,4,2.75,2,N,12,98,2,46.12,2.76,0.5,1.42,6.48,0.3,73.11,2.5
2,2023-03-30 22:10:00,2023-03-08 21:31:00,1,8.42,1,N,228,91,2,31.01,1.74,0.5,8.62,1.93,0.3,41.5,2.5
1,2023-03-01 03:09:00,2023-03-15 22:11:00,4,4.72,2,Y,201,88,1,18.62,3.22,0.5,3.98,8.09,0.3,98.23,2.5
2,2023-03-23 01:39:00,2023-03-12 16:51:00,2,10.25,3,N,100,27,1,6.65,0.97,0.5,2.27,3.19,0.3,26.81,2.5
1,2023-03-30 21:32:00,2023-03-03 03:43:00,2,5.35,2,Y,244,216,1,16.18,2.43,0.5,1.65,7.96,0.3,63.45,2.5
2,2023-03-21 20:47:00,2023-03-14 01:16:00,4,4.44,2,Y,15,27,1,19.44,4.06,0.5,0.61,1.48,0.3,45.78,2.5
1,2023-03-15 05:53:00,2023-03-20 03:01:00,1,7.87,3,Y,206,152,2,15.28,4.63,0.5,3.92,6.5,0.3,66.18,2.5
1,2023-03-18 21:39:00,2023-03-27 21:31:00,3,9.83,2,N,4,47,1,34.36,2.04,0.5,9.35,3.4,0.3,76.78,2.5
2,2023-03-11 14:08:00,2023-03-30 19:41:00,1,13.7,2,Y,10,249,1,46.1,2.27,0.5,7.7,8.49,0.3,28.19,2.5
1,2023-03-01 05:27:00,2023-03-23 09:12:00,3,10.41,1,N,62,202,1,23.48,2.99,0.5,0.06,2.49,0.3,55.71,2.5
2,2023-03-05 12:08:00,2023-03-17 20:38:00,1,11.16,3,Y,169,162,2,9.73,0.76,0.5,5.2,8.22,0.3,89.38,2.5
1,2023-03-13 12:36:00,2023-03-24 20:49:00,1,2.12,3,Y,53,58,1,46.56,4.64,0.5,4.44,7.3,0.3,63.51,2.5
2,2023-03-16 17:24:00,2023-03-22 03:22:00,4,11.09,1,N,108,226,1,42.11,0.55,0.5,7.62,1.36,0.3,65.39,2.5
1,2023-03-19 03:00:00,2023-03-27 07:11:00,2,3.77,1,N,106,244,1,6.31,4.37,0.5,8.54,1.62,0.3,61.65,2.5
2,2023-03-21 16:58:00,2023-03-08 05:21:00,1,9.84,2,N,89,83,2,15.42,0.49,0.5,7.72,3.05,0.3,83.33,2.5
1,2023-03-04 05:11:00,2023-03-23 08:18:00,3,12.78,3,Y,188,15,2,41.55,1.29,0.5,5.39,8.52,0.3,25.7,2.5
1,2023-03-02 08:54:00,2023-03-24 03:39:00,4,0.9,2,Y,15,49,2,20.25,1.26,0.5,6.89,3.73,0.3,42.58,2.5
2,2023-03-27 03:59:00,2023-03-06 09:58:00,3,8.89,3,Y,36,198,2,14.35,4.9,0.5,6.69,9.31,0.3,38.11,2.5
1,2023-03-28 12:48:00,2023-03-29 11:46:00,4,7.3,2,N,149,216,1,13.95,3.8,0.5,2.01,4.47,0.3,35.89,2.5
1,2023-03-15 12:21:00,2023-03-26 01:40:00,2,14.81,2,N,180,25,1,30.39,4.01,0.5,0.99,6.78,0.3,14.6,2.5
2,2023-03-30 11:38:00,2023-03-23 00:23:00,3,5.99,2,N,134,1,1,12.77,3.88,0.5,8.28,7.3,0.3,37.7,2.5
1,2023-03-19 11:26:00,2023-03-26 10:11:00,4,0.69,1,Y,220,110,2,20.0,3.72,0.5,2.33,8.2,0.3,97.07,2.5
2,2023-03-08 20:43:00,2023-03-27 19:19:00,4,14.85,2,Y,191,118,1,7.97,4.07,0.5,2.03,6.14,0.3,88.38,2.5
1,2023-03-10 05:42:00,2023-03-30 03:44:00,4,2.74,2,Y,218,132,1,13.23,3.02,0.5,5.82,8.87,0.3,83.88,2.5
1,2023-03-05 02:29:00,2023-03-25 12:22:00,2,5.81,2,Y,247,43,2,32.78,1.76,0.5,6.25,8.06,0.3,91.73,2.5
2,2023-03-25 05:48:00,2023-03-25 00:47:00,4,2.0,2,N,50,167,1,49.59,2.84,0.5,7.14,9.53,0.3,21.57,2.5
1,2023-03-18 13:27:00,2023-03-26 08:41:00,2,7.69,2,N,173,136,2,48.22,0.29,0.5,7.08,7.9,0.3,79.82,2.5
2,2023-03-27 13:08:00,2023-03-04 12:00:00,1,3.95,1,Y,88,219,2,14.8,3.77,0.5,0.8,9.06,0.3,44.03,2.5
1,2023-03-25 16:10:00,2023-03-03 14:41:00,2,10.04,3,Y,234,214,1,10.18,3.38,0.5,6.74,4.63,0.3,98.02,2.5
2,2023-03-29 14:38:00,2023-03-06 21:24:00,2,5.35,3,Y,237,225,1,32.69,2.97,0.5,9.97,9.33,0.3,43.55,2.5
1,2023-03-22 09:29:00,2023-03-29 00:30:00,2,11.97,3,N,224,105,1,13.74,2.14,0.5,1.33,6.85,0.3,16.28,2.5
2,2023-03-18 09:22:00,2023-03-27 07:56:00,2,3.86,3,N,142,149,2,39.72,0.86,0.5,5.47,5.28,0.3,28.8,2.5
1,2023-03-16 04:57:00,2023-03-24 16:13:00,1,0.94,3,Y,71,39,1,8.1,4.41,0.5,7.96,1.81,0.3,43.17,2.5
1,2023-03-25 12:19:00,2023-03-05 02:47:00,2,13.42,3,Y,237,174,2,12.44,1.72,0.5,4.37,1.12,0.3,58.47,2.5
1,2023-03-29 11:48:00,2023-03-27 08:30:00,3,4.09,1,N,241,88,2,19.76,3.26,0.5,0.66,4.31,0.3,47.71,2.5
2,2023-03-19 23:36:00,2023-03-21 06:46:00,1,0.56,3,N,202,110,1,24.4,4.65,0.5,8.64,1.14,0.3,84.1,2.5
2,2023-03-14 13:29:00,2023-03-22 02:38:00,4,9.38,3,Y,113,109,2,43.06,3.68,0.5,8.93,9.42,0.3,16.69,2.5
1,2023-03-10 12:55:00,2023-03-10 13:12:00,2,10.43,3,N,159,132,1,26.82,2.89,0.5,7.02,8.3,0.3,15.21,2.5
2,2023-03-17 15:44:00,2023-03-17 09:41:00,1,3.26,2,Y,46,171,1,35.12,0.32,0.5,5.94,1.17,0.3,71.57,2.5
1,2023-03-03 04:22:00,2023-03-10 12:57:00,2,8.57,2,N,6,232,1,27.09,2.91,0.5,1.73,1.71,0.3,45.01,2.5
2,2023-03-17 18:49:00,2023-03-18 05:44:00,3,12.46,1,N,50,18,1,39.24,0.44,0.5,4.15,2.41,0.3,18.02,2.5
2,2023-03-02 07:46:00,2023-03-21 06:21:00,4,11.64,2,Y,89,47,2,46.91,3.32,0.5,2.61,5.15,0.3,42.21,2.5
2,2023-03-23 15:45:00,2023-03-14 00:48:00,1,1.55,1,N,236,145,2,20.24,0.25,0.5,2.07,4.79,0.3,40.96,2.5
2,2023-03-07 20:50:00,2023-03-29 05:27:00,4,11.36,1,N,171,187,1,24.22,1.3,0.5,6.41,4.37,0.3,64.92,2.5
1,2023-03-27 22:57:00,2023-03-15 13:10:00,4,13.52,2,N,102,4,1,12.24,1.75,0.5,6.01,6.98,0.3,68.28,2.5
1,2023-03-07 16:15:00,2023-03-04 05:40:00,4,9.97,1,N,72,1,2,14.73,3.82,0.5,8.15,3.03,0.3,93.23,2.5
1,2023-03-26 04:07:00,2023-03-01 08:34:00,3,1.72,2,Y,233,90,1,13.99,1.08,0.5,1.06,6.61,0.3,42.48,2.5
1,2023-03-23 08:55:00,2023-03-04 08:51:00,1,5.53,3,N,84,178,1,22.54,1.83,0.5,7.23,3.67,0.3,60.33,2.5
1,2023-03-10 12:00:00,2023-03-06 02:30:00,4,7.21,1,N,34,14,1,43.6,0.92,0.5,2.84,0.89,0.3,18.03,2.5
2,2023-03-01 19:37:00,2023-03-29 17:42:00,1,1.84,1,N,80,142,2,30.66,0.66,0.5,6.85,0.68,0.3,49.35,2.5
1,2023-03-15 01:42:00,2023-03-09 08:25:00,3,12.66,2,Y,120,6,2,45.92,1.74,0.5,8.02,9.33,0.3,88.96,2.5
1,2023-03-27 22:18:00,2023-03-05 03:33:00,1,13.09,2,Y,133,83,2,12.01,1.11,0.5,8.51,0.57,0.3,41.33,2.5
2,2023-03-07 06:40:00,2023-03-03 16:49:00,4,6.01,1,Y,35,103,2,29.05,1.56,0.5,5.66,8.75,0.3,92.1,2.5
2,2023-03-10 09:38:00,2023-03-15 11:11:00,2,8.75,2,N,203,148,2,43.83,2.89,0.5,0.74,5.43,0.3,95.89,2.5
1,2023-03-01 03:12:00,2023-03-16 10:20:00,3,6.15,3,N,189,68,2,33.63,3.0,0.5,6.04,7.88,0.3,55.88,2.5
2,2023-03-18 11:17:00,2023-03-04 12:03:00,2,10.73,1,N,161,209,2,48.43,0.12,0.5,8.49,9.07,0.3,77.57,2.5
1,2023-03-05 14:00:00,2023-03-11 18:47:00,2,4.66,2,Y,167,49,1,15.49,0.44,0.5,1.78,3.03,0.3,89.08,2.5
1,2023-03-12 17:03:00,2023-03-15 03:23:00,2,5.66,2,N,56,153,1,47.97,4.85,0.5,5.94,8.67,0.3,60.16,2.5
2,2023-03-19 23:07:00,2023-03-29 21:53:00,1,6.12,1,Y,87,247,2,14.8,3.85,0.5,5.43,2.76,0.3,33.25,2.5
2,2023-03-19 23:15:00,2023-03-08 13:18:00,3,12.95,1,Y,211,1,2,36.21,4.05,0.5,6.96,8.31,0.3,80.7,2.5
2,2023-03-21 03:50:00,2023-03-03 04:03:00,1,4.55,1,N,138,211,2,20.45,4.72,0.5,3.51,1.94,0.3,57.35,2.5
1,2023-03-17 01:28:00,2023-03-24 01:08:00,2,13.32,2,Y,35,139,2,18.76,1.29,0.5,4.7,4.65,0.3,35.84,2.5
1,2023-03-26 19:01:00,2023-03-11 10:26:00,4,3.84,3,N,93,5,2,44.61,2.1,0.5,8.39,0.03,0.3,36.45,2.5
1,2023-03-25 20:52:00,2023-03-27 17:06:00,4,2.32,1,Y,87,103,1,16.74,1.59,0.5,2.01,9.69,0.3,83.57,2.5
2,2023-03-08 06:54:00,2023-03-11 00:27:00,4,9.78,1,N,246,121,1,22.45,0.36,0.5,3.84,3.78,0.3,47.4,2.5
1,2023-03-24 02:59:00,2023-03-28 09:30:00,4,1.61,3,N,244,159,2,44.46,4.83,0.5,8.3,9.19,0.3,47.03,2.5
1,2023-03-23 20:18:00,2023-03-27 07:16:00,2,3.03,1,N,213,242,1,11.06,0.16,0.5,8.16,7.4,0.3,31.29,2.5
2,2023-03-20 05:17:00,2023-03-13 08:38:00,2,0.54,1,N,123,80,1,6.52,0.32,0.5,1.01,2.6,0.3,81.99,2.5
2,2023-03-03 11:30:00,2023-03-19 10:12:00,3,11.29,1,Y,214,44,1,23.15,3.51,0.5,2.96,6.1,0.3,45.99,2.5
2,2023-03-14 06:12:00,2023-03-07 11:17:00,3,12.75,2,N,154,17,1,47.89,0.8,0.5,1.23,8.69,0.3,75.87,2.5
1,2023-03-22 16:29:00,2023-03-14 19:23:00,4,8.6,3,Y,75,125,1,41.82,3.31,0.5,5.31,0.02,0.3,97.66,2.5
1,2023-03-05 03:55:00,2023-03-26 03:56:00,3,13.87,2,N,134,250,2,48.36,3.22,0.5,6.2,5.72,0.3,48.9,2.5
2,2023-03-14 07:04:00,2023-03-14 20:51:00,3,10.37,2,Y,218,72,1,24.87,3.98,0.5,4.31,8.47,0.3,75.02,2.5
1,2023-03-24 16:32:00,2023-03-20 20:25:00,2,5.95,2,N,141,14,2,27.97,3.16,0.5,3.91,6.14,0.3,90.23,2.5
2,2023-03-07 14:31:00,2023-03-18 06:59:00,2,6.44,1,N,103,52,2,36.93,1.62,0.5,8.36,3.27,0.3,37.82,2.5
2,2023-03-23 03:28:00,2023-03-23 17:11:00,1,13.84,3,Y,226,223,1,47.71,3.47,0.5,3.98,7.33,0.3,47.29,2.5
2,2023-03-12 13:32:00,2023-03-23 13:09:00,2,3.35,3,N,51,105,1,38.16,0.42,0.5,9.71,3.36,0.3,39.32,2.5
1,2023-03-09 10:34:00,2023-03-12 06:46:00,3,1.82,1,N,120,161,2,36.18,1.37,0.5,7.31,1.44,0.3,15.36,2.5
2,2023-03-21 01:12:00,2023-03-04 00:48:00,1,8.07,2,N,239,226,1,28.34,0.86,0.5,1.14,4.97,0.3,75.55,2.5
2,2023-03-20 02:10:00,2023-03-07 23:26:00,3,6.85,2,Y,244,190,1,7.13,2.96,0.5,7.53,3.39,0.3,27.51,2.5
1,2023-03-17 16:41:00,2023-03-26 21:12:00,4,1.39,2,N,188,199,2,20.44,0.79,0.5,9.31,2.74,0.3,92.61,2.5
1,2023-03-14 17:17:00,2023-03-17 10:00:00,1,13.16,1,N,102,123,2,23.38,4.08,0.5,5.57,8.6,0.3,33.17,2.5
1,2023-03-16 21:13:00,2023-03-21 05:56:00,3,14.5,1,Y,42,98,2,18.04,4.33,0.5,9.69,8.88,0.3,29.49,2.5
1,2023-03-20 06:20:00,2023-03-26 20:43:00,2,7.71,1,N,151,70,1,42.75,4.87,0.5,5.2,7.61,0.3,96.1,2.5
1,2023-03-08 10:01:00,2023-03-25 10:44:00,3,11.6,2,Y,40,66,1,43.22,0.37,0.5,0.53,3.1,0.3,29.76,2.5
1,2023-03-25 04:35:00,2023-03-06 11:01:00,3,6.48,1,N,246,112,1,28.62,1.08,0.5,8.67,7.78,0.3,28.01,2.5
1,2023-03-02 04:17:00,2023-03-20 14:10:00,3,2.26,1,Y,228,199,2,19.61,2.01,0.5,5.91,7.69,0.3,91.27,2.5
2,2023-03-23 15:02:00,2023-03-26 14:05:00,4,2.9,3,Y,151,147,1,16.54,0.23,0.5,5.08,0.28,0.3,50.81,2.5
2,2023-03-09 13:09:00,2023-03-03 08:41:00,2,7.23,1,Y,181,55,1,46.88,3.93,0.5,9.08,1.44,0.3,24.77,2.5
1,2023-03-02 17:02:00,2023-03-02 16:41:00,4,5.92,3,N,221,130,2,19.33,3.72,0.5,9.32,4.18,0.3,88.07,2.5
2,2023-03-02 14:38:00,2023-03-28 06:50:00,1,14.71,2,N,127,247,1,25.6,3.1,0.5,4.65,3.79,0.3,73.17,2.5
2,2023-03-02 14:45:00,2023-03-27 04:24:00,4,12.09,1,N,23,59,2,44.2,2.33,0.5,7.06,9.8,0.3,83.11,2.5
2,2023-03-16 02:28:00,2023-03-18 19:50:00,4,10.04,1,Y,246,37,2,6.62,0.9,0.5,4.72,5.07,0.3,73.94,2.5
1,2023-03-14 22:21:00,2023-03-03 20:46:00,3,12.32,3,N,207,121,1,33.13,2.49,0.5,0.7,7.68,0.3,99.65,2.5
2,2023-03-07 21:36:00,2023-03-08 01:27:00,4,2.12,1,N,147,208,1,48.27,3.29,0.5,7.68,9.21,0.3,10.49,2.5
2,2023-03-06 06:34:00,2023-03-17 16:19:00,2,2.62,1,N,78,159,1,16.09,4.56,0.5,3.37,1.25,0.3,36.63,2.5
1,2023-03-05 05:29:00,2023-03-07 08:17:00,3,9.17,2,Y,161,248,2,43.18,1.06,0.5,7.59,2.17,0.3,43.51,2.5
2,2023-03-22 02:47:00,2023-03-07 05:32:00,2,6.56,2,N,3,56,2,21.35,2.83,0.5,2.44,9.03,0.3,10.38,2.5
1,2023-03-11 06:43:00,2023-03-18 02:22:00,3,0.66,3,Y,222,188,2,7.94,2.53,0.5,8.16,8.16,0.3,97.01,2.5
2,2023-03-25 22:05:00,2023-03-20 04:22:00,1,14.17,1,N,223,21,1,49.5,4.92,0.5,2.96,4.78,0.3,75.27,2.5
2,2023-03-19 12:22:00,2023-03-30 18:38:00,3,5.91,1,Y,10,172,1,15.37,0.77,0.5,7.8,6.68,0.3,63.36,2.5
1,2023-03-20 12:40:00,2023-03-07 08:53:00,4,8.41,3,N,195,74,1,35.34,4.04,0.5,8.39,0.09,0.3,16.27,2.5
2,2023-03-30 20:48:00,2023-03-13 14:06:00,4,6.1,3,N,75,177,2,6.64,1.4,0.5,2.23,8.33,0.3,16.52,2.5
2,2023-03-01 15:11:00,2023-03-12 13:34:00,2,8.13,2,Y,170,106,2,23.26,3.26,0.5,9.64,5.17,0.3,35.56,2.5
2,2023-03-05 20:23:00,2023-03-17 15:59:00,3,0.61,1,Y,172,237,2,14.85,2.96,0.5,1.79,9.02,0.3,70.7,2.5
2,2023-03-29 02:24:00,2023-03-21 20:18:00,1,11.04,1,Y,136,87,2,17.05,0.02,0.5,1.13,1.1,0.3,19.85,2.5
2,2023-03-10 21:50:00,2023-03-16 10:31:00,4,0.92,1,N,6,141,1,49.38,2.62,0.5,5.57,5.07,0.3,46.46,2.5
2,2023-03-15 15:19:00,2023-03-22 20:00:00,4,11.43,3,Y,77,173,1,43.11,3.49,0.5,4.81,2.34,0.3,24.54,2.5
2,2023-03-08 23:56:00,2023-03-10 22:54:00,2,8.44,1,Y,136,32,2,46.33,1.9,0.5,5.36,3.64,0.3,76.56,2.5
1,2023-03-23 09:01:00,2023-03-26 23:23:00,2,5.9,2,N,21,110,2,6.17,3.6,0.5,6.24,1.43,0.3,44.85,2.5
1,2023-03-17 02:10:00,2023-03-16 09:45:00,1,2.49,1,Y,49,84,2,17.04,1.49,0.5,4.58,4.81,0.3,17.97,2.5
1,2023-03-21 09:17:00,2023-03-12 01:26:00,4,2.82,2,N,88,219,1,14.05,2.87,0.5,6.64,7.58,0.3,34.19,2.5
2,2023-03-25 12:09:00,2023-03-21 15:31:00,1,10.02,1,Y,145,133,2,34.58,4.43,0.5,6.3,8.35,0.3,50.82,2.5
2,2023-03-12 21:56:00,2023-03-05 07:31:00,2,13.0,3,Y,45,160,1,45.48,3.72,0.5,4.58,0.2,0.3,47.24,2.5
2,2023-03-03 04:35:00,2023-03-23 02:16:00,1,2.6,1,N,66,38,2,6.95,0.26,0.5,9.95,1.45,0.3,71.65,2.5
2,2023-03-16 19:07:00,2023-03-19 01:52:00,2,1.04,3,N,178,217,1,32.66,3.91,0.5,8.93,5.44,0.3,16.85,2.5
2,2023-03-19 17:34:00,2023-03-01 13:50:00,1,8.16,2,Y,63,13,1,7.44,4.72,0.5,4.95,10.0,0.3,57.17,2.5
2,2023-03-24 16:10:00,2023-03-06 23:32:00,2,1.04,2,Y,210,224,2,47.73,2.0,0.5,6.48,1.01,0.3,85.14,2.5
1,2023-03-12 14:27:00,2023-03-20 16:15:00,3,3.69,1,Y,147,167,1,31.04,3.55,0.5,9.53,6.72,0.3,47.31,2.5
2,2023-03-09 19:26:00,2023-03-28 17:37:00,1,6.37,2,N,83,119,2,23.01,2.38,0.5,8.28,3.61,0.3,96.78,2.5
1,2023-03-05 04:45:00,2023-03-04 19:56:00,4,11.51,3,Y,166,127,2,39.07,4.56,0.5,5.51,5.39,0.3,23.45,2.5
2,2023-03-09 01:55:00,2023-03-14 06:10:00,1,4.29,1,Y,157,60,2,44.17,2.7,0.5,4.46,1.42,0.3,46.39,2.5
2,2023-03-19 16:39:00,2023-03-26 10:08:00,2,10.64,1,Y,228,204,2,43.07,0.88,0.5,9.71,7.0,0.3,31.37,2.5
1,2023-03-03 07:52:00,2023-03-07 01:14:00,4,2.17,2,N,4,220,1,37.35,4.09,0.5,6.41,1.03,0.3,98.08,2.5
2,2023-03-11 12:29:00,2023-03-20 16:49:00,3,6.11,2,N,142,51,2,18.26,1.49,0.5,6.56,5.26,0.3,45.58,2.5
1,2023-03-04 10:13:00,2023-03-06 23:16:00,3,1.78,2,N,31,25,2,44.86,4.55,0.5,8.73,7.41,0.3,46.76,2.5
1,2023-03-27 08:12:00,2023-03-13 05:03:00,4,2.95,1,Y,68,139,2,25.69,0.42,0.5,8.74,1.07,0.3,11.38,2.5
2,2023-03-18 22:02:00,2023-03-26 10:19:00,4,12.82,1,N,140,139,2,43.42,4.4,0.5,8.24,0.49,0.3,77.0,2.5
2,2023-03-28 04:17:00,2023-03-14 03:20:00,3,7.61,3,Y,200,5,2,34.73,2.97,0.5,9.76,2.41,0.3,65.03,2.5
1,2023-03-21 12:03:00,2023-03-29 00:25:00,3,14.91,1,N,139,38,2,14.89,1.15,0.5,2.55,0.71,0.3,30.58,2.5
1,2023-03-10 11:58:00,2023-03-06 04:20:00,3,4.64,1,Y,245,81,1,7.93,0.52,0.5,2.96,4.9,0.3,75.38,2.5
1,2023-03-11 07:39:00,2023-03-07 04:50:00,2,12.5,3,N,209,203,2,20.69,3.06,0.5,6.61,4.06,0.3,99.22,2.5
1,2023-03-23 02:20:00,2023-03-13 21:18:00,4,7.88,3,Y,45,128,1,35.02,3.18,0.5,5.67,4.05,0.3,44.91,2.5
2,2023-03-18 05:06:00,2023-03-25 09:07:00,1,10.66,2,N,182,120,2,40.8,2.76,0.5,7.89,3.07,0.3,87.57,2.5
1,2023-03-12 20:30:00,2023-03-16 12:09:00,4,13.26,1,Y,163,33,2,38.8,4.61,0.5,7.04,1.34,0.3,24.46,2.5
1,2023-03-11 10:09:00,2023-03-03 10:50:00,1,12.47,3,N,62,116,2,26.04,3.92,0.5,8.24,4.19,0.3,76.93,2.5
2,2023-03-17 09:36:00,2023-03-10 12:11:00,2,3.85,3,N,91,5,1,26.01,3.44,0.5,1.12,1.87,0.3,75.42,2.5
1,2023-03-28 01:06:00,2023-03-15 05:36:00,2,5.45,3,Y,208,73,1,43.92,2.78,0.5,9.39,5.39,0.3,92.04,2.5
1,2023-03-01 02:27:00,2023-03-17 20:44:00,3,7.91,3,N,27,173,2,44.46,2.8,0.5,1.46,2.52,0.3,61.43,2.5
1,2023-03-10 00:22:00,2023-03-20 13:05:00,4,10.19,3,N,89,241,2,48.33,4.42,0.5,7.89,4.31,0.3,97.21,2.5
1,2023-03-04 17:03:00,2023-03-15 11:10:00,2,7.51,3,Y,133,27,2,40.47,4.82,0.5,5.81,2.32,0.3,22.6,2.5
1,2023-03-12 21:48:00,2023-03-22 02:15:00,4,14.02,3,Y,230,152,1,38.68,0.85,0.5,2.72,0.51,0.3,67.36,2.5
1,2023-03-18 12:12:00,2023-03-20 01:38:00,1,13.32,2,Y,121,170,1,16.18,4.74,0.5,1.51,7.86,0.3,87.43,2.5
1,2023-03-30 18:12:00,2023-03-23 22:40:00,1,14.29,1,N,166,191,1,8.04,4.48,0.5,5.09,2.74,0.3,24.0,2.5
1,2023-03-05 20:30:00,2023-03-22 23:23:00,3,1.66,3,Y,126,40,1,35.04,2.2,0.5,1.74,5.1,0.3,48.18,2.5
2,2023-03-27 00:44:00,2023-03-06 18:19:00,4,5.55,2,Y,64,234,1,15.42,1.16,0.5,8.75,2.42,0.3,50.88,2.5
2,2023-03-28 00:51:00,2023-03-01 17:10:00,1,14.11,3,Y,78,122,2,43.83,3.45,0.5,2.78,6.72,0.3,73.09,2.5
1,2023-03-27 01:53:00,2023-03-15 21:51:00,1,13.31,3,Y,120,23,2,45.73,2.09,0.5,3.52,2.75,0.3,55.36,2.5
1,2023-03-09 15:59:00,2023-03-02 17:54:00,1,5.04,2,Y,54,111,1,48.59,2.34,0.5,9.55,9.94,0.3,94.42,2.5
2,2023-03-08 20:21:00,2023-03-02 08:47:00,3,4.47,1,Y,1,231,2,30.46,2.21,0.5,5.11,0.3,0.3,31.05,2.5
2,2023-03-17 09:23:00,2023-03-09 10:47:00,1,11.56,2,N,244,51,1,27.9,4.35,0.5,4.75,6.54,0.3,41.88,2.5
2,2023-03-27 03:21:00,2023-03-23 00:50:00,1,14.44,2,Y,98,236,1,12.83,0.07,0.5,3.98,8.69,0.3,33.18,2.5
2,2023-03-07 14:19:00,2023-03-30 14:16:00,2,8.34,2,Y,124,11,2,36.26,2.02,0.5,8.36,3.24,0.3,74.21,2.5
1,2023-03-17 16:41:00,2023-03-17 06:23:00,2,7.7,2,N,58,226,1,49.65,3.22,0.5,0.22,8.73,0.3,68.95,2.5
1,2023-03-06 22:26:00,2023-03-02 13:46:00,4,13.58,1,Y,205,103,1,26.08,3.02,0.5,6.25,0.87,0.3,66.42,2.5
1,2023-03-29 19:17:00,2023-03-04 13:42:00,4,4.65,2,N,188,121,2,39.34,0.33,0.5,3.94,3.06,0.3,41.87,2.5
1,2023-03-02 12:46:00,2023-03-01 04:57:00,4,3.01,2,N,112,122,2,11.59,0.67,0.5,5.13,4.95,0.3,68.27,2.5
2,2023-03-19 01:01:00,2023-03-02 05:17:00,3,10.51,1,N,59,217,1,15.46,1.57,0.5,2.34,7.67,0.3,45.75,2.5
2,2023-03-26 22:41:00,2023-03-24 22:13:00,3,12.56,3,Y,9,138,1,8.12,1.51,0.5,0.67,4.36,0.3,10.27,2.5
2,2023-03-11 18:09:00,2023-03-20 18:45:00,3,3.13,1,Y,208,57,2,39.61,4.75,0.5,1.19,8.55,0.3,84.07,2.5
1,2023-03-01 05:52:00,2023-03-06 11:58:00,3,8.1,1,Y,18,69,2,40.2,0.99,0.5,1.42,6.11,0.3,74.88,2.5
1,2023-03-01 05:16:00,2023-03-24 21:12:00,1,11.78,3,N,91,73,1,26.14,1.63,0.5,1.44,9.63,0.3,24.82,2.5
2,2023-03-15 13:53:00,2023-03-14 05:04:00,4,4.57,3,Y,234,221,1,46.37,0.91,0.5,3.87,5.52,0.3,65.51,2.5
1,2023-03-21 04:05:00,2023-03-28 08:41:00,1,12.57,1,Y,8,94,2,20.85,1.33,0.5,5.04,9.25,0.3,51.08,2.5
2,2023-03-21 08:25:00,2023-03-27 05:33:00,2,13.95,1,N,79,195,1,26.01,1.25,0.5,8.62,6.07,0.3,21.2,2.5
1,2023-03-21 20:46:00,2023-03-24 18:49:00,2,3.43,1,Y,237,188,2,40.07,1.35,0.5,5.37,7.81,0.3,71.62,2.5
2,2023-03-13 23:32:00,2023-03-11 23:50:00,2,11.58,2,N,67,19,1,49.36,1.78,0.5,6.23,4.62,0.3,92.56,2.5
1,2023-03-24 22:01:00,2023-03-11 17:24:00,4,1.37,2,Y,219,176,1,48.78,0.81,0.5,0.29,6.57,0.3,48.58,2.5
1,2023-03-02 14:03:00,2023-03-15 01:34:00,4,7.42,1,Y,148,126,2,46.11,0.45,0.5,5.61,1.19,0.3,12.12,2.5
2,2023-03-10 18:14:00,2023-03-26 22:21:00,2,1.99,3,Y,38,22,1,27.02,4.35,0.5,8.91,0.36,0.3,45.44,2.5
2,2023-03-16 22:31:00,2023-03-24 04:01:00,3,14.52,2,Y,99,1,1,35.37,2.78,0.5,0.73,7.44,0.3,77.77,2.5
1,2023-03-29 21:50:00,2023-03-10 23:25:00,2,7.43,3,Y,226,150,2,35.13,0.75,0.5,3.56,3.87,0.3,36.32,2.5
1,2023-03-07 16:27:00,2023-03-20 02:23:00,1,2.27,2,Y,207,20,1,27.14,2.65,0.5,4.65,9.17,0.3,50.42,2.5
1,2023-03-06 20:05:00,2023-03-24 18:45:00,3,1.2,1,Y,245,225,1,38.09,0.85,0.5,2.24,7.05,0.3,96.41,2.5
2,2023-03-19 09:31:00,2023-03-17 06:51:00,1,13.62,1,N,155,114,1,42.09,3.85,0.5,8.58,1.24,0.3,42.25,2.5
1,2023-03-23 05:05:00,2023-03-07 04:42:00,4,1.79,3,Y,209,200,1,47.86,0.71,0.5,3.97,6.43,0.3,21.29,2.5
2,2023-03-26 20:10:00,2023-03-22 21:53:00,2,11.0,2,N,193,207,2,16.74,3.54,0.5,5.43,6.46,0.3,13.38,2.5
1,2023-03-21 10:49:00,2023-03-27 06:20:00,1,11.61,2,Y,7,49,2,43.81,1.2,0.5,7.33,3.9,0.3,60.54,2.5
1,2023-03-14 11:54:00,2023-03-01 16:18:00,1,11.67,3,N,220,107,2,34.68,2.95,0.5,1.56,3.29,0.3,67.32,2.5
1,2023-03-14 08:13:00,2023-03-17 22:37:00,2,13.75,2,N,44,31,2,28.38,1.49,0.5,9.69,8.5,0.3,95.52,2.5
1,2023-03-11 05:42:00,2023-03-21 12:11:00,1,14.88,3,N,166,148,2,32.46,3.02,0.5,9.7,9.81,0.3,46.42,2.5
2,2023-03-18 00:00:00,2023-03-21 20:05:00,2,6.8,2,N,241,205,2,37.97,3.89,0.5,0.03,3.28,0.3,95.21,2.5
2,2023-03-27 09:24:00,2023-03-29 02:45:00,4,14.72,3,Y,174,94,1,43.81,0.82,0.5,7.59,2.85,0.3,45.88,2.5
1,2023-03-30 21:57:00,2023-03-14 16:59:00,1,12.05,2,N,142,23,2,44.25,3.89,0.5,4.82,9.68,0.3,75.0,2.5
2,2023-03-19 01:08:00,2023-03-18 14:05:00,3,13.06,3,N,227,78,1,32.72,4.05,0.5,0.32,3.13,0.3,21.11,2.5
2,2023-03-17 21:56:00,2023-03-13 14:06:00,3,11.23,1,Y,87,14,1,23.09,3.86,0.5,7.75,7.4,0.3,71.05,2.5
1,2023-03-07 02:34:00,2023-03-29 03:06:00,4,5.97,3,Y,51,58,2,49.0,1.71,0.5,0.9,7.26,0.3,37.28,2.5
2,2023-03-19 03:52:00,2023-03-07 20:15:00,1,5.81,2,Y,113,79,2,25.6,2.91,0.5,1.02,3.04,0.3,60.85,2.5
1,2023-03-05 01:33:00,2023-03-17 06:22:00,3,4.41,3,Y,6,240,1,16.32,2.88,0.5,5.42,8.38,0.3,66.73,2.5
1,2023-03-17 08:09:00,2023-03-22 23:40:00,1,0.66,1,Y,202,241,2,18.28,0.6,0.5,7.6,2.19,0.3,71.63,2.5
1,2023-03-20 15:26:00,2023-03-20 19:11:00,3,11.6,3,N,199,14,1,48.97,2.31,0.5,3.5,2.01,0.3,83.57,2.5
1,2023-03-03 11:00:00,2023-03-18 08:02:00,3,4.7,2,Y,100,238,1,21.64,0.78,0.5,0.77,5.79,0.3,86.29,2.5
2,2023-03-03 17:58:00,2023-03-30 13:05:00,2,14.52,2,Y,193,22,2,12.04,1.82,0.5,6.94,9.97,0.3,34.18,2.5
2,2023-03-13 00:47:00,2023-03-07 10:14:00,1,6.62,3,N,10,104,1,49.92,2.15,0.5,5.63,2.34,0.3,16.34,2.5
1,2023-03-20 22:55:00,2023-03-05 15:53:00,4,12.01,3,Y,170,13,2,27.28,2.11,0.5,9.68,1.73,0.3,49.69,2.5
2,2023-03-02 08:38:00,2023-03-27 22:27:00,2,12.73,2,N,196,50,2,30.4,0.01,0.5,2.42,4.94,0.3,66.8,2.5
1,2023-03-27 05:04:00,2023-03-25 00:32:00,2,13.91,2,N,55,205,2,39.34,4.08,0.5,7.78,8.22,0.3,96.06,2.5
2,2023-03-24 10:14:00,2023-03-20 13:12:00,3,7.6,1,Y,66,134,1,26.98,2.83,0.5,8.41,2.53,0.3,12.75,2.5
1,2023-03-01 17:38:00,2023-03-11 08:22:00,3,9.5,1,Y,167,230,2,26.81,2.45,0.5,5.55,2.49,0.3,61.15,2.5
1,2023-03-16 07:06:00,2023-03-23 19:06:00,2,7.97,2,N,62,180,1,37.52,0.21,0.5,1.53,9.68,0.3,26.52,2.5
1,2023-03-04 03:57:00,2023-03-14 22:05:00,1,2.04,1,Y,75,193,2,6.14,0.83,0.5,1.02,8.61,0.3,43.34,2.5
2,2023-03-16 08:49:00,2023-03-05 19:57:00,1,4.92,2,Y,194,218,2,28.18,0.2,0.5,1.33,1.43,0.3,29.29,2.5
2,2023-03-05 20:48:00,2023-03-28 15:54:00,3,4.35,2,N,151,136,1,9.99,3.98,0.5,7.44,5.25,0.3,97.71,2.5
1,2023-03-27 05:08:00,2023-03-21 20:30:00,4,4.43,3,Y,40,198,1,6.83,4.57,0.5,7.78,0.34,0.3,22.12,2.5
1,2023-03-24 12:29:00,2023-03-29 23:24:00,3,2.84,3,Y,245,221,2,8.42,0.19,0.5,9.05,3.62,0.3,99.0,2.5
1,2023-03-11 17:01:00,2023-03-05 10:13:00,3,12.99,2,Y,212,159,2,42.0,3.88,0.5,2.54,2.38,0.3,84.46,2.5
1,2023-03-07 00:06:00,2023-03-25 10:20:00,4,13.93,2,Y,90,190,1,18.28,2.18,0.5,6.19,5.78,0.3,67.12,2.5
2,2023-03-08 21:17:00,2023-03-28 16:01:00,3,14.08,3,Y,13,155,2,7.55,0.81,0.5,0.91,7.07,0.3,40.98,2.5
1,2023-03-26 07:33:00,2023-03-27 14:37:00,1,6.32,1,Y,79,185,1,35.75,0.49,0.5,2.62,6.52,0.3,29.55,2.5
2,2023-03-25 08:55:00,2023-03-27 08:12:00,3,6.32,3,N,118,176,2,13.44,1.72,0.5,1.96,6.38,0.3,96.91,2.5
1,2023-03-01 07:43:00,2023-03-01 04:41:00,2,5.51,3,N,226,41,2,12.95,2.89,0.5,2.82,1.74,0.3,52.58,2.5
1,2023-03-29 07:46:00,2023-03-14 08:33:00,3,13.52,1,N,91,171,1,31.22,1.8,0.5,3.82,6.41,0.3,18.78,2.5
2,2023-03-02 14:19:00,2023-03-02 12:38:00,3,1.84,3,N,42,82,2,34.58,4.4,0.5,2.06,5.66,0.3,92.94,2.5
1,2023-03-04 17:07:00,2023-03-27 11:40:00,3,7.46,1,Y,219,226,2,11.83,1.9,0.5,1.92,3.64,0.3,74.6,2.5
2,2023-03-19 04:12:00,2023-03-29 13:49:00,4,5.96,1,Y,132,49,1,32.13,4.7,0.5,1.33,1.1,0.3,74.14,2.5
